<?xml version="1.0" encoding="UTF-8"?>


 <beans xmlns="http://www.springframework.org/schema/beans"
       xmlns:xsi="http://www.w3.org/2001/XMLSchema-instance"
       xsi:schemaLocation="http://www.springframework.org/schema/beans http://www.springframework.org/schema/beans/spring-beans.xsd">
 
    
    <bean class="com.springcore.collections.Emp"  name="emp1">
    
    <property name="name">
    
    <value>Saleem</value>
    </property>
    
     <property name="phones">
    <list>
     <value>9148312825</value>
     
     <value>8877118662</value>
 
    </list>
   
    </property>
    
    <property name="addresses">
    <set>
     <value>MALMAL</value>
     
     <value>BANGALORE</value>
 
    </set>
   
    </property>
    
     <property name="courses">
    <map>
   <entry key="Java"  value="2month" />
   <entry key="Spring"  value="1month" />
   <entry key="Database"  value="2month" />
    </map>
    
    </property>
    
    
    </bean>
  </beans>
  
