<?xml version="1.0" encoding="UTF-8"?>




 <beans xmlns="http://www.springframework.org/schema/beans"
       xmlns:xsi="http://www.w3.org/2001/XMLSchema-instance"
       xsi:schemaLocation="http://www.springframework.org/schema/beans http://www.springframework.org/schema/beans/spring-beans.xsd">
 


   
   
 
   
    <bean class="com.impl.bean.autowiringAutowiringAnnotationQualifier.Addresses" name="addresses">
    <property name="street" value="SpringField" />
    <property name="city" value="NYC" />
</bean>


<bean class="com.impl.bean.autowiringAutowiringAnnotationQualifier.Addresses" name="addresses1">
    <property name="street" value="Bradford" />
    <property name="city" value="London" />
</bean>

 
    <bean class="com.impl.bean.autowiringAutowiringAnnotationQualifier.Employees" autowire="byName" />
    
   
    
   
    
    
    
    
  </beans>
  
